Слово,Сумма_слов
спряжение,316
транспортёр,83
черноморский,40
линейный,34
циклический,33
букварь,28
ар,27
видовой,26
считайка,24
подкласс,24
коммуникация,23
сближение,22
звукозапись,22
миля,22
тренажёр,22
проспрягать,22
археология,21
средневековье,21
танграм,20
логический,20
ковбой,19
конвейер,19
купейный,19
усовершенствование,19
малахит,19
структура,18
параметр,18
плацкартный,17
ложь,17
умозаключение,16
вычислимый,16
возвратный,16
акрополь,15
грузоподъёмность,15
четверик,15
портал,14
абсцисса,14
лемминг,14
летописец,14
декларация,14
декабрист,14
тыл,13
богатырский,13
дальность,13
фонд,13
авсый,13
просвещение,13
военачальник,13
плоскогорье,13
ордината,13
конвенция,13
многогранник,13
могс,12
блиц,12
юность,12
лубок,12
пароль,12
разгром,12
упорядочивание,12
террикон,12
цветоводство,12
этикетный,11
регулировщик,11
лубочный,11
турбаза,11
итоговый,11
эллин,11
ненавидеть,11
путёвка,11
загрузить,11
склоняемый,11
соllесtiоп,11
синтаксический,11
ильменский,10
брошюра,10
землепроходец,10
биссектриса,10
спрягаться,10
морзе,10
послевоенный,10
дворянский,10
сдаться,10
докладчик,10
хёрба,10
ремешок,10
сруб,10
среднесибирский,10
новшество,10
барельеф,10
картонка,10
городец,10
восьмерик,10
абажур,9
летосчисление,9
мечеть,9
первопечатник,9
заклёпка,9
взмах,9
морфологический,9
кижи,9
учёность,9
собственность,9
разживка,9
достроить,9
полеводство,9
катет,9
макулатура,9
анимация,9
истина,9
карьера,9
столбчатый,9
возглавлять,9
юнеско,9
субтропики,9
овощеводство,9
партизан,9
обувной,9
вычеркнуть,9
видеоролик,9
повелительный,8
зерновка,8
спаситель,8
блокада,8
кассета,8
кружевница,8
крестоносец,8
рытвина,8
незаконный,8
фиксировать,8
сотрудничество,8
домострой,8
самоуправление,8
рыцарский,8
полезть,8
царьград,8
субтропический,8
вероятность,8
лобзик,8
председатель,8
ассамблея,8
вьюшка,8
линолеум,8
панорама,8
декупаж,8
перечертить,8
лафет,8
ганча,8
ярмарочный,8
стелить,8
драп,8
овощехранилище,8
разгружать,8
рать,8
экспресс,8
бисеринка,7
алгебраический,7
кожевник,7
падчерица,7
недовольство,7
гармонический,7
нерль,7
слобода,7
главка,7
царствование,7
прошка,7
костиковый,7
яндекс,7
пиньят,7
соглашение,7
сливной,7
клоп,7
плодоводство,7
патриарх,7
параллелограмм,7
плеяда,7
отставание,7
тираж,7
разработчик,7
оружейник,7
диалоговый,7
логика,7
бревенчатый,7
форматирование,7
великолепие,7
браконьерство,7
полимер,7
тугрик,7
камаз,7
тысячная,7
кусудама,7
фаянс,7
металлургический,7
продемонстрировать,7
линукс,7
ленивица,7
эллада,7
верование,7
урон,7
меркнуть,7
потушить,7
горбатый,7
угра,7
межпланетный,7
водоканал,7
рдяный,7
октябрьский,6
метафора,6
вертунчик,6
древнеегипетский,6
численный,6
заключать,6
постигать,6
перевыпас,6
избиратель,6
посольство,6
вокализ,6
альбатрос,6
радиоприёмник,6
предприимчивый,6
лоза,6
инжир,6
редактирование,6
отформатировать,6
сюртук,6
озарить,6
отказ,6
видоизменять,6
расставаться,6
обстреливать,6
почёт,6
икебана,6
кичка,6
брить,6
кунсткамера,6
кулибин,6
фрак,6
тигровый,6
звонница,6
покоритель,6
навигационный,6
застава,6
отвес,6
суздальский,6
соотносить,6
выделиться,6
авиационный,6
головоломка,6
подвешивать,6
хлопотливый,6
нарушитель,6
тобольск,6
языковой,6
разровнять,6
вывоз,6
бома,6
20см,6
прицеп,6
монтажник,6
ножовка,6
ольховый,6
распознавание,6
барьерный,6
трубоукладчик,6
чародей,6
автономный,6
поместье,6
новинка,6
двухскатный,6
барин,6
восьмизначный,6
молиться,6
ладога,6
святогорский,6
провязать,6
джузгун,6
киевлянин,6
камнерез,6
дербент,6
эксплуатация,5
яблочкова,5
эталон,5
яблонный,5
уздечка,5
узорный,5
почтение,5
рекрутский,5
преподобный,5
прибавление,5
тутовый,5
приготовлять,5
упустить,5
урожайность,5
ржанка,5
разгореться,5
тепличный,5
раздробить,5
сухофрукты,5
тельце,5
табакерка,5
сытина,5
пушкинский,5
ташкент,5
птицеводство,5
пестун,5
человечность,5
свитка,5
сократить,5
пиломатериал,5
петлеобразный,5
папенька,5
шерстокрыл,5
четвероклассник,5
пейзажный,5
пейзажист,5
фиксация,5
филька,5
сословие,5
саквояж,5
рукомойник,5
полоть,5
ханство,5
плясунья,5
свинарник,5
свиноводство,5
повинность,5
поделочный,5
подготовительный,5
крестообразный,5
кречет,5
вёрстка,5
аудиозапись,5
локомотив,5
гипсовый,5
обороняться,5
артиллерия,5
выкачать,5
логик,5
лазер,5
афалина,5
датчик,5
кладка,5
девятка,5
авторитет,5
капитель,5
горгон,5
княжить,5
группировать,5
аналоговый,5
гринпис,5
колористический,5
грецкий,5
великокняжеский,5
награждение,5
верблюжий,5
наждачный,5
несправедливый,5
вече,5
бережливый,5
бросок,5
бородино,5
насмешить,5
бечёвка,5
наполеоновский,5
неограниченный,5
малахитовый,5
марафон,5
маршал,5
нефтепровод,5
возвышенный,5
новоалексеевский,5
бегун,5
возрождаться,5
оптический,5
ириска,5
дырокол,5
определиться,5
10см,5
истребление,5
зажиточный,5
оленеводство,5
древлянин,5
кагуан,5
замостить,5
жаловать,5
зеленушка,5
острог,5
мифология,4
восточнославянский,4
внесение,4
трапезный,4
мистер,4
тренер,4
трепетный,4
преображенский,4
тревожиться,4
людская,4
узорочье,4
монетный,4
трактир,4
понестись,4
узбекский,4
молельный,4
железняк,4
владыка,4
владимиро,4
транссибирский,4
мозоль,4
увеселение,4
желобок,4
почесть,4
почернелый,4
поэтичный,4
воспитательный,4
марафонский,4
маркированный,4
маркировка,4
маршрутный,4
поярок,4
воцариться,4
предъявляться,4
мероприятие,4
возноситься,4
убеждаться,4
сандалия,4
постоялец,4
воздаваться,4
манифест,4
скрытный,4
предпроектный,4
медик,4
волочебник,4
скулить,4
самшит,4
византиец,4
феникс,4
сварщик,4
сивка,4
наслаждение,4
физкультминутка,4
бурка,4
подписчик,4
вагоностроительный,4
запевать,4
ванятка,4
бывалый,4
фабрикант,4
западня,4
настил,4
фитонцид,4
неграмотность,4
негритёнок,4
сереж,4
подвластный,4
погреб,4
фотопринтер,4
фотошоп,4
семёновский,4
накрапывать,4
политика,4
вертушинок,4
завуч,4
верстальщик,4
взор,4
померкнуть,4
муром,4
прибытие,4
мультимедиа,4
верна,4
святки,4
надёжность,4
ватин,4
найдёновый,4
пожарище,4
покровительственный,4
венчать,4
вельвет,4
ведомость,4
ионический,4
козлёночек,4
грош,4
колосняк,4
пушной,4
клубочек,4
солгать,4
старопечатный,4
клеть,4
грязнуть,4
статичный,4
резервуар,4
реконструкция,4
профиль,4
доступность,4
комендант,4
гофрокартон,4
пунктир,4
стрельчатый,4
пряха,4
ракита,4
капитал,4
депо,4
спиральный,4
деревообрабатывающий,4
калининград,4
кайра,4
сочинский,4
джомолунгма,4
расковать,4
камин,4
раскупать,4
сотворение,4
кимоно,4
двинуть,4
киево,4
докомпьютерный,4
даровать,4
разгрызать,4
сольдо,4
девятизначный,4
спрягаемый,4
корточки,4
изразцовый,4
евангелие,4
рубанок,4
пристройка,4
выпиловочный,4
рубленый,4
выковать,4
тиснение,4
выплавить,4
выскочка,4
пробуждать,4
приусадебный,4
рубый,4
ложность,4
придерживаться,4
расправа,4
вторжение,4
зеленной,4
выездка,4
лилипутский,4
лобовой,4
толстолобик,4
кристальный,4
выставлять,4
репка,4
издательский,4
изменник,4
купринус,4
игральный,4
прогресс,4
выстрелить,4
смотрицкий,4
твердыня,4
снегозадержание,4
гармоничный,4
произвол,4
крюково,4
проигрывание,4
гаврюш,4
мавзолей,4
экспортёр,4
юбиляр,4
эскадра,4
бамбуковый,4
белильный,4
ордер,4
банди,4
отливание,4
бисквит,4
шуха,4
яблоневый,4
перемножать,4
огнёвка,4
пиление,4
орошение,4
обгонять,4
чукотский,4
перебой,4
перебрать,4
артиллерист,4
шейка,4
чебоксары,4
анкетирование,4
оний,4
обстрел,4
неразумный,4
gооgl,4
эйфелевый,4
антресоль,4
олимпия,4
обрадовать,4
отмель,4
обра,4
армения,4
отрицать,4
оброк,4
щурок,4
перерасти,4
алёшиный,4
нивяник,4
хлев,4
передаваемый,4
обжора,4
янцзы,4
осмеливаться,4
японка,4
беззубка,4
аул,4
чистотел,4
партер,4
якутск,4
чрезмерный,4
20кг,4
алгебра,4
ответственность,4
старание,3
колядка,3
коляда,3
объезжать,3
двускатный,3
шельфовый,3
разгрузка,3
объяснительный,3
страшиться,3
пудинг,3
грабарь,3
господский,3
очерёдность,3
птицеферма,3
разногласие,3
стрельба,3
стремительность,3
государственность,3
развёртываться,3
пазл,3
одухотворённый,3
пума,3
клясться,3
даурский,3
стеклянница,3
панама,3
ключевский,3
грёкий,3
кобальт,3
кинематограф,3
разживок,3
киноварь,3
киноплёнка,3
гужевой,3
срезка,3
среднегодовой,3
радиосигнал,3
радонеж,3
среднерусский,3
колодезный,3
клонить,3
стиснуть,3
пятиалтынник,3
стихира,3
коловрата,3
гримёрный,3
стойкость,3
громада,3
анадырь,3
палый,3
амундсный,3
гусар,3
сразиться,3
пятиться,3
двоеточие,3
киргизия,3
курганный,3
купчиха,3
купольный,3
перевязывание,3
облужить,3
прокат,3
переваливаться,3
прокладываться,3
чудиться,3
кубань,3
таграм,3
крябок,3
кучума,3
чистоплотный,3
облетать,3
вырубаться,3
латунный,3
высадка,3
выпечь,3
тесовый,3
теснота,3
тесниться,3
перекатывать,3
облицовочный,3
ладный,3
высевать,3
телесериал,3
кроткий,3
обнаружение,3
гоночный,3
патент,3
пастушок,3
голубянка,3
шалтай,3
сулить,3
голосочек,3
копошиться,3
прялочный,3
кондиционер,3
стрижонка,3
обхват,3
струемера,3
прочтение,3
аптекарский,3
шаровидный,3
апатит,3
горнозаводский,3
кратный,3
краюшка,3
проповедовать,3
крачка,3
пропускной,3
промоина,3
кропотливый,3
кромочный,3
сызрань,3
германский,3
обогрев,3
первобытность,3
первенец,3
костюмный,3
просека,3
гласность,3
кощеев,3
5мина,3
50см,3
600м,3
заалеть,3
забавлять,3
забавляться,3
сапожный,3
юбилейный,3
салтановка,3
жуж,3
заунывный,3
40см,3
рык,3
смешивание,3
опутать,3
электрооборудование,3
опция,3
опылить,3
рублёвский,3
рудник,3
золотогривый,3
80см,3
смолянка,3
оптовый,3
смолин,3
рость,3
рфхий,3
ехидный,3
оренбург,3
рыбоводство,3
эоловый,3
зевнуть,3
особняк,3
символика,3
заказывать,3
силлогизм,3
сейнер,3
синтезатор,3
сгнить,3
занесение,3
закрепиться,3
закатить,3
отапливаться,3
замочить,3
закинуть,3
ящурок,3
заковать,3
заповедь,3
завершиться,3
сватовство,3
отделывать,3
затаиваться,3
скоростной,3
осенить,3
сблизиться,3
15см,3
ответный,3
загружать,3
сводить,3
своевременный,3
сворачиваться,3
заграждение,3
отворить,3
ролик,3
оконце,3
соразмерный,3
доводить,3
калмыкия,3
отчёт,3
распечатка,3
калийный,3
калий,3
соляный,3
истечь,3
отсылать,3
отштамповать,3
адмирал,3
охотский,3
штамповать,3
католический,3
сплочённость,3
шоу,3
сплачивать,3
карра,3
каннелюра,3
канди,3
камнеломка,3
дерзить,3
десерт,3
каприз,3
спам,3
кап,3
деятельный,3
экономист,3
отпарить,3
эгейский,3
соболиный,3
репчатый,3
оплётка,3
снятие,3
90см,3
ибис,3
смышлёный,3
рождаемость,3
дыбка,3
дымиться,3
опричник,3
смс,3
ижора,3
родео,3
ратный,3
рацион,3
дориец,3
дорический,3
реалистический,3
инструментальщик,3
отрицаться,3
доп,3
расчертить,3
растоварец,3
олеандровый,3
доменный,3
щетина,3
щетинный,3
икт,3
реликтовый,3
mоvi,3
ремесленный,3
резание,3
ценитель,3
помело,3
пикировать,3
видеопроигрыватель,3
видимость,3
модница,3
породистый,3
безответственный,3
молва,3
попутчик,3
уподобление,3
мушка,3
цата,3
поливной,3
поликсен,3
упорядочить,3
пирв,3
муромский,3
мочить,3
полплюшка,3
взмахивать,3
полюбиться,3
мотосани,3
мотороллер,3
пилотка,3
умывальник,3
цветоед,3
взвизгнуть,3
удилище,3
цикада,3
владычество,3
перловый,3
межа,3
медоносный,3
медоведа,3
перс,3
похвальный,3
медальерный,3
меандр,3
уапdех,3
возрождать,3
чан,3
перси,3
тягучий,3
воодушевить,3
тунец,3
тщательность,3
пощадить,3
вороний,3
частотный,3
петрищево,3
вноситься,3
посеребрить,3
портик,3
пехотинец,3
внедрять,3
нефтепродукт,3
метрический,3
уваровный,3
воздвигать,3
меценат,3
миниатюрный,3
водонапорный,3
водь,3
нигер,3
благодатный,3
филиппинский,3
благословение,3
настроить,3
фасовать,3
бурливый,3
плетёнка,3
бизнес,3
подношение,3
ненулевой,3
наряжать,3
подмалёвка,3
наркоз,3
фуражка,3
поганый,3
бобина,3
божественный,3
недостоверный,3
бомбить,3
химки,3
хирург,3
подарочный,3
блокадный,3
брань,3
брезент,3
блеять,3
плясовой,3
фотокамера,3
фотографический,3
бражник,3
фантастика,3
устремлённость,3
позор,3
планирование,3
вепс,3
нераспаханный,3
верея,3
нераздельный,3
вензель,3
великорусский,3
бескрокодильный,3
хрусталь,3
вельможа,3
неравномерный,3
условность,3
ватман,3
бытовать,3
вазелин,3
подталкивать,3
буфер,3
подровнять,3
наматывать,3
утверждаться,3
наколенник,3
подымать,3
бесстрашие,3
ухудшить,3
варварка,3
примыкать,3
переплывать,3
обеднение,3
оffiс,3
пересесть,3
барка,3
бармаглот,3
барщина,3
предоставить,3
малопригодный,3
тлить,3
обиход,3
трубить,3
челябинский,3
томат,3
премьера,3
траулер,3
магадан,3
препарат,3
черепок,3
баклан,3
черепаший,3
транспортировка,3
барбоска,3
ликовать,3
балда,3
логин,3
толочь,3
тормозной,3
всхожесть,3
перепись,3
тотошка,3
восторгаться,3
предгорие,3
лемех,3
пересылать,3
батальный,3
мануфактура,3
типографский,3
тетеревёнок,3
торшер,3
приравнять,3
лоскутик,3
норильск,3
танганьика,2
снижение,2
dеlеt,2
хорошеть,2
фабричный,2
дуболом,2
ухнуть,2
ванадий,2
аспирин,2
бакенщик,2
тоскливый,2
валка,2
вычурность,2
беспилотный,2
балаково,2
тонкорунный,2
gеlоsi,2
тольятти,2
httр,2
усложнить,2
библиография,2
выдаваться,2
дуло,2
аудиокнига,2
вышивальный,2
хонда,2
хоппер,2
железка,2
венециановый,2
архиповка,2
60см,2
выдувание,2
танкограда,2
веничек,2
сырец,2
торцовка,2
вазуза,2
выделывать,2
эпилог,2
гвардейский,2
вассал,2
электрон,2
таджикистан,2
женственный,2
сююмбик,2
смешиваться,2
чудь,2
таганрог,2
евангелист,2
выброс,2
смесовый,2
васкsраса,2
бесчеловечный,2
дымник,2
800г,2
торец,2
электропередача,2
васко,2
экспорт,2
баллистический,2
чудотворец,2
храмовый,2
бессердечный,2
беспроволочный,2
газонный,2
газетница,2
ватерлоо,2
смещение,2
асцелла,2
тави,2
газопровод,2
вводный,2
дёготь,2
усыплять,2
снаряжать,2
снарядить,2
утроить,2
снадобье,2
варница,2
хроника,2
смазочный,2
торопить,2
слякоть,2
единоборство,2
экскурсант,2
вязьма,2
торпедный,2
энтереть,2
варан,2
душенька,2
снаряжаться,2
эллинский,2
электротехнический,2
ежемесячный,2
выбить,2
гам,2
торжище,2
беспозвоночный,2
таймер,2
смачивать,2
вежа,2
сматывать,2
смятение,2
атаман,2
ганг,2
70см,2
атаковать,2
выбелить,2
фаворит,2
синичья,2
выпь,2
типи,2
теплеть,2
150р,2
вырез,2
брандашмыга,2
вырисовываться,2
бакен,2
синагога,2
бочкообразный,2
12см,2
систематизатор,2
заготовительный,2
ялта,2
телячий,2
ялик,2
блефуск,2
скамеечка,2
выкраивать,2
якутия,2
загнать,2
заглохнуть,2
загиб,2
бровка,2
ямский,2
формовка,2
форматировать,2
брестский,2
яльмара,2
выкупить,2
симпатия,2
хаврошечка,2
болонка,2
хаос,2
сеча,2
большегрузный,2
теснить,2
100м,2
боковинк,2
тесёмка,2
боливар,2
тетивкина,2
выпиливание,2
хата,2
закрытие,2
харьков,2
хихикать,2
12км,2
яуза,2
термы,2
заказчик,2
фронтовик,2
чирок,2
чинный,2
тесина,2
хабаровка,2
хабар,2
функциональность,2
боровицкий,2
сигнализация,2
выплатить,2
сигнальщик,2
броненосец,2
скупиться,2
жёлоб,2
славяный,2
слагаться,2
сладить,2
журка,2
членение,2
бумми,2
юнкер,2
холмик,2
биржа,2
булавочный,2
выточить,2
фестиваль,2
юннат,2
3500км,2
толкатель,2
толкнуть,2
350г,2
чкаловск,2
бур,2
этика,2
вычислитель,2
бурокрылый,2
бурцовый,2
животик,2
50мма,2
фанерный,2
тараторка,2
факир,2
бижутерия,2
500г,2
выцарапывать,2
слега,2
жужжание,2
буревестник,2
выходец,2
фас,2
татищево,2
буроватый,2
фараманта,2
вычерчивание,2
эшелон,2
эффективный,2
буковка,2
скольжение,2
завоевательный,2
брусчатка,2
зависнуть,2
ягуар,2
телеграфия,2
хоббитание,2
сколоть,2
хлюпать,2
флористический,2
скверный,2
яйценоский,2
ткачиха,2
заволноваться,2
телефильм,2
скинуть,2
аудиохрестоматия,2
финишировать,2
хождение,2
скотина,2
забредать,2
вызревать,2
30см,2
300м,2
завершать,2
завершённость,2
финистый,2
яванский,2
300г,2
высохший,2
текстура,2
заварочный,2
скормить,2
дублировать,2
вояджер,2
шлифовальный,2
движок,2
водоэмульсионный,2
шлепок,2
возбуждать,2
воцарение,2
уверовать,2
водонепроницаемый,2
угадываться,2
барак,2
спускать,2
впитать,2
аконкагуа,2
спутниковый,2
бездонный,2
безделушка,2
бездарный,2
двулетний,2
дворовый,2
дворняга,2
углерод,2
водолюб,2
возвеличивать,2
стабилизатор,2
возместить,2
даргомыжский,2
даниловский,2
горний,2
сталагмит,2
сталактит,2
беженец,2
дальновидный,2
воткинск,2
барский,2
дальневосточный,2
алексеевка,2
чемоданный,2
убраться,2
шахматка,2
даурия,2
горихвостка,2
алгоритмический,2
шпон,2
шамаханский,2
демонстрационный,2
делянка,2
суверенный,2
вложение,2
удариться,2
барбарис,2
ариель,2
денарий,2
штанина,2
спецодежда,2
врезаться,2
денщик,2
денежковы,2
дендрон,2
судоремонтный,2
тригорский,2
гонт,2
споткнуться,2
гончарство,2
спохватиться,2
арабеска,2
спрягать,2
стягивать,2
цилиндрический,2
гондольер,2
гонение,2
делегат,2
адыгеец,2
декада,2
дезинфекция,2
стёжка,2
беззаконие,2
внука,2
шишкоед,2
вознесение,2
вопить,2
швырять,2
шеберхий,2
ворваться,2
стрелецкий,2
громыхать,2
стойкий,2
воркование,2
шероховатость,2
гроб,2
анапа,2
грубость,2
тучный,2
амудсный,2
стерх,2
горючесть,2
тушёнка,2
трюк,2
воодушевление,2
трюм,2
грузик,2
стойло,2
стояние,2
стоп,2
воронцовский,2
батюшко,2
ворюга,2
грановитый,2
туземец,2
градина,2
воскрешать,2
анимационный,2
турнепка,2
туркмения,2
туристский,2
столбовидный,2
чаться,2
столетний,2
шепетовка,2
трёхгорный,2
воскрешение,2
батальон,2
вознесенск,2
городня,2
шир,2
стартовый,2
беднота,2
строгость,2
статность,2
тяготить,2
городище,2
стандарт,2
антрацит,2
дагеротипия,2
струбцина,2
густеть,2
тёпленький,2
войлочный,2
стекольный,2
трусиха,2
вольнолюбие,2
вольность,2
гульбище,2
горыныкать,2
стеночка,2
степенный,2
тэта,2
трус,2
строгание,2
тяга,2
агрономия,2
венчаться,2
гипертекст,2
схематичный,2
гипотенуза,2
упадок,2
щитомордник,2
допускаться,2
дополняться,2
сознавать,2
ветроуказатель,2
ветровый,2
согласовывать,2
уплывать,2
гимназия,2
досыпать,2
схожесть,2
достоверный,2
чьти,2
щитник,2
сферический,2
солнцезащитный,2
долевой,2
сфинкс,2
солод,2
умножаться,2
главпочтамт,2
глаголить,2
долбануть,2
глаголица,2
солоничка,2
аверс,2
вещичка,2
веялка,2
домофон,2
домовушко,2
сокровищница,2
домино,2
взаимопонимание,2
встряхнуться,2
архео,2
тота,2
эдельвейс,2
геология,2
уродовать,2
урженский,2
вертикальность,2
хырра,2
гений,2
эквадор,2
mеtеоiпfый,2
съёмочный,2
гевея,2
сноуборд,2
экзотический,2
генеральный,2
чернь,2
царизм,2
совочек,2
чуткость,2
уполномоченный,2
драгун,2
дощатый,2
ворчалка,2
советоваться,2
весело,2
чернолесье,2
эвенк,2
эвен,2
эвакуировать,2
авиаразведка,2
динь,2
винтовка,2
дикция,2
софокнуть,2
дизайнерский,2
суперкомпьютер,2
автоматизированный,2
чёткость,2
укорениться,2
вскинуть,2
банковский,2
вилла,2
укладчик,2
сострадание,2
всесторонний,2
диагональный,2
соскабливать,2
автостоянка,2
штукатур,2
детинец,2
автотурист,2
автоцистерна,2
врываться,2
безобразие,2
штриховка,2
година,2
треуголка,2
голавлик,2
союзница,2
витать,2
джип,2
всемогущий,2
тренировочный,2
авторитетный,2
трепет,2
вифлеем,2
догореть,2
дозатор,2
целлюлозный,2
соответственный,2
чернильный,2
безуспешный,2
соотноситься,2
бандероль,2
авкм,2
вздуться,2
глазище,2
ультрафиолетовый,2
автовокзал,2
вскрикивать,2
добродетельный,2
добровольческий,2
днепровский,2
глупец,2
шушенский,2
византийский,2
всколыхнуть,2
трапезная,2
сориентироваться,2
сопоставляться,2
вивальдь,2
доводиться,2
колиорд,2
пьютер,2
пяльцы,2
предводительство,2
коклюшка,2
пятнашка,2
переломный,2
козельский,2
перелиться,2
кожзаменитель,2
рабица,2
малолетний,2
колхидский,2
пушечный,2
колосистый,2
пылесосить,2
коллекционер,2
перемножение,2
перемирие,2
предатель,2
клёп,2
клёв,2
клянчить,2
разбойный,2
переиздавать,2
марианский,2
разбухать,2
развевать,2
обладатель,2
радиоволна,2
когорта,2
равноапостольный,2
превысить,2
равноправие,2
обитель,2
перелаять,2
превосходный,2
радиолиния,2
радиопередатчик,2
перекреститься,2
кнут,2
кнопочка,2
пухлый,2
ногинск,2
преклоняться,2
настилать,2
коневодство,2
перестройка,2
прекращение,2
насупиться,2
преображение,2
прочертить,2
мавензи,2
поддон,2
магараджа,2
периодический,2
комсомольск,2
командующий,2
представительница,2
кольчужник,2
наслаждаться,2
путешественница,2
перепоясывать,2
путиловский,2
предприимчивость,2
оutlоокий,2
обвалять,2
ныряние,2
пурпур,2
пскович,2
настелить,2
предусматривать,2
насосный,2
публичный,2
пересмешка,2
коммуналка,2
разъединять,2
приохотить,2
патриот,2
обслужить,2
райф,2
напирать,2
раковинка,2
обтекание,2
каргополь,2
разноязыкий,2
мация,2
почвовед,2
категория,2
певунья,2
разрастись,2
картечь,2
каргопольский,2
обтягиваться,2
раскодировать,2
общежитие,2
камский,2
кампания,2
каморка,2
общепризнанный,2
раскрошить,2
камелёк,2
общественность,2
подрывать,2
объектив,2
объявляться,2
медресе,2
подрезать,2
наперсница,2
медовой,2
медоед,2
ранимый,2
ранчо,2
обутый,2
потупить,2
раскладка,2
пошлина,2
китёнок,2
кито,2
кистевой,2
поярковый,2
перевыполнить,2
кинорежиссёр,2
маскировать,2
облизывать,2
развивающийся,2
маркетолог,2
маркёр,2
марсианский,2
марципановый,2
облокачиваться,2
кладовочка,2
передатчик,2
перегрузка,2
кинокамера,2
подпольщик,2
кембриджский,2
матрасик,2
пергаментный,2
кейптаун,2
пергамен,2
первичный,2
квантор,2
кваканье,2
пепелище,2
обогреться,2
кафельный,2
пениться,2
размеренный,2
напрасный,2
матерчатый,2
километровый,2
обморок,2
обнажаться,2
керосиновый,2
обнажиться,2
пошевелиться,2
коржик,2
необжитый,2
плодовитость,2
провинность,2
необязательный,2
плещеево,2
провяливание,2
неожиданность,2
плеснуть,2
плодожорка,2
площадной,2
погнуться,2
лакировка,2
лакированный,2
прикинуть,2
неоправданный,2
продлить,2
кумушка,2
непоседа,2
подавлять,2
куманёк,2
непреклонный,2
проездной,2
купечество,2
прижиматься,2
приземлиться,2
прогнуть,2
неотделимый,2
плеер,2
проголосовать,2
ломкий,2
кустарь,2
лопастный,2
неповиновение,2
приделывать,2
нелинованный,2
лепиться,2
прислуга,2
недосказанность,2
ливр,2
поверженный,2
примотать,2
лемур,2
повелевать,2
лежачий,2
леер,2
незаполненный,2
повариха,2
приступ,2
припадать,2
повседневность,2
повращать,2
поволжский,2
повоевать,2
лесовосстановительный,2
повидать,2
прирост,2
лесовичок,2
лесовичка,2
присуждаться,2
незнакомка,2
присяга,2
победительница,2
прицелиться,2
пнуть,2
причинить,2
пляс,2
прикупить,2
ласточкин,2
приэльбрусие,2
неисчерпаемый,2
повыситься,2
притвориться,2
лиловенький,2
незыблемость,2
невестка,2
лот,2
прибавка,2
прославление,2
печёрский,2
претерпевать,2
печник,2
печерский,2
неустрашимый,2
кошёлка,2
красноярский,2
нетекстовый,2
прорисовка,2
краснодар,2
краситель,2
пикник,2
крановщица,2
просвещённый,2
натворить,2
костюмерный,2
противопоставление,2
пестрота,2
подготавливать,2
преподавать,2
коробиться,2
коробейник,2
насушить,2
перуанский,2
перу,2
профильтровывать,2
петрозаводск,2
простонародье,2
нефтепромысел,2
нефтехранилище,2
нефтяник,2
пресса,2
просып,2
подгонка,2
петлять,2
корчиться,2
противень,2
лягушачий,2
красочность,2
лубяной,2
крупка,2
проказничать,2
крошечка,2
лука,2
луковичный,2
привстать,2
приволье,2
непроданный,2
непродуманный,2
плавкость,2
непрядвой,2
приглянуться,2
нераспр,2
крябоедик,2
крэк,2
кролиководство,2
неспешный,2
пиньёнок,2
креститься,2
креститель,2
неспособный,2
крепостничество,2
пропил,2
подвешиваться,2
кремовый,2
кремнёвый,2
привалиться,2
кредит,2
крахмальный,2
подвергнуться,2
писало,2
пирей,2
кристаллический,2
лучник,2
кривизна,2
проникнутый,2
мезозой,2
организатор,2
наградной,2
затычка,2
затрястись,2
монархия,2
захлопнуть,2
сакура,2
зачистка,2
зашлёпать,2
молдавия,2
зашипеть,2
зашелестеть,2
зашевелиться,2
молельня,2
молниеотвод,2
поправка,2
сайка,2
молоковоз,2
оренбургский,2
орнаментика,2
затенить,2
покровка,2
сапфир,2
мордовия,2
мореходный,2
затворник,2
самоопределение,2
нависать,2
сахалинск,2
морк,2
орошаемый,2
откладывание,2
мордовец,2
самоотверженный,2
покорный,2
саморазгружающийся,2
затрачивать,2
откорм,2
понижать,2
мопед,2
затон,2
рязанец,2
оплатить,2
змеевидный,2
руал,2
отпрыск,2
многосемянный,2
оповещать,2
многосерийный,2
оплести,2
ружейный,2
злобный,2
поросль,2
многоступенчатый,2
назрань,2
романский,2
ольгин,2
многоместный,2
зоб,2
российскаго,2
знаменовать,2
портальный,2
златоглазка,2
рыбоводческий,2
рыльце,2
надышаться,2
надуваться,2
надоедливый,2
рычажный,2
рявкнуть,2
зимовье,2
зея,2
зерцало,2
отпечататься,2
отпаривать,2
зелёненький,2
оправка,2
зримый,2
полимерный,2
запастись,2
сдержанность,2
полировать,2
мул,2
полироваться,2
отварить,2
полхов,2
связаться,2
святочный,2
ослабнуть,2
запить,2
ослушаться,2
полиграфический,2
полуземлянка,2
полстакана,2
сенник,2
полминуты,2
острота,2
полноводность,2
отвал,2
отважиться,2
основывать,2
сельчанин,2
замолкнуть,2
отблагодарить,2
полководческий,2
семафорный,2
замкнуть,2
семитонный,2
запотеть,2
засоление,2
свериться,2
сверкание,2
заслон,2
сверстать,2
сверхнизкий,2
освободительница,2
сверхскоростной,2
пометка,2
сватья,2
затаиться,2
сберегать,2
моркова,2
отказывать,2
отзыв,2
сборочный,2
покрышка,2
сбыт,2
застлать,2
застить,2
навалиться,2
свастика,2
зарегистрироваться,2
зарегистрировать,2
зардеть,2
наборщица,2
полыхнуть,2
свирь,2
наблюдательный,2
мпора,2
мрак,2
запуститься,2
запросить,2
полезащитный,2
своевременность,2
морщиться,2
покушаться,2
поладить,2
светлоглазый,2
светляк,2
осквернять,2
оскудение,2
постановление,2
поскакушка,2
реликвия,2
отчалить,2
кавалерия,2
палица,2
резчик,2
оградить,2
иконописный,2
миллиметровый,2
ирод,2
расселить,2
минарет,2
исаакиевский,2
окончательный,2
изменчивость,2
отфильтровать,2
оттянуть,2
окоп,2
излучина,2
распускать,2
искренность,2
налюбоваться,2
репортаж,2
исконный,2
репсовый,2
накипь,2
ограничение,2
построчный,2
посольский,2
иониец,2
реверс,2
рево,2
оздоровительный,2
подчинение,2
охранный,2
месячный,2
охра,2
одарённый,2
интеллектуальный,2
расстилаться,2
палех,2
мидоусый,2
меря,2
инвентарь,2
ильмена,2
оклеивание,2
накопитель,2
озариться,2
наливной,2
индейка,2
ратк,2
расслышать,2
расстрел,2
индейский,2
редакционный,2
месить,2
палестина,2
рефрижератор,2
овсюг,2
мелколиственный,2
овощеводческий,2
игрункова,2
пожизненный,2
мелкозернистый,2
подсобный,2
мелить,2
родительский,2
кале,2
калачный,2
подтяжка,2
избавление,2
одиссея,2
каление,2
идол,2
истлеть,2
истопить,2
многоголосый,2
подслушать,2
розан,2
павиан,2
отсек,2
оливковый,2
многоквартирный,2
олимпиец,2
многолетник,2
постлать,2
зырянин,2
игольный,2
испускать,2
отсидеться,2
распластать,2
португалец,2
расставляться,2
излишество,2
посекать,2
ржавчина,2
ржание,2
очнуться,2
окроплять,2
посапывать,2
ридер,2
расфасовка,2
отсчитываться,2
распростереть,2
округлость,2
казахский,2
огневушко,2
мифический,2
решительность,2
издеваться,2
изгнать,2
накалять,2
ошейник,2
ридлей,2
мемориальный,2
подтянуть,2
однообразие,2
расправляться,2
рифлёный,2
избрание,2
намолоть,2
намордник,2
рассыпчатый,2
ринд,2
извещать,2
посадник,2
истощение,2
пантеон,2
фанбординг,1
поленница,1
подпруга,1
подтащить,1
верблюжонок,1
полбуханка,1
подравнивать,1
погост,1
намакарониться,1
написаться,1
усаживать,1
боязнь,1
набираться,1
верещание,1
наплывать,1
погромыхивать,1
фотоплакат,1
начисление,1
начиночка,1
валюта,1
бурчать,1
начинание,1
напой,1
фотокорреспондент,1
начин,1
подправить,1
фановый,1
полдневный,1
буровик,1
буддистский,1
фоторужьё,1
весомый,1
намка,1
полковой,1
бородатый,1
невольный,1
бычий,1
невольничий,1
фаза,1
невозможность,1
бхлупенить,1
вестибюль,1
фуникулёр,1
наметиться,1
полковник,1
весёлка,1
веснушчатый,1
весничка,1
боронование,1
бюллетень,1
весеннкк,1
наместник,1
фряжский,1
весенна,1
учредить,1
намерзать,1
бяка,1
упрочниться,1
невообразимый,1
наняться,1
начитанный,1
борзая,1
уподобляться,1
уязвимый,1
фыркать,1
подскакать,1
фуухбульбуля,1
нанимать,1
негасимый,1
ветерочка,1
полниться,1
бордосский,1
намыливать,1
подруженька,1
упорство,1
нанюхаться,1
бормотание,1
упорядочение,1
подсоединиться,1
подсоединяться,1
боровинка,1
упорядоченность,1
фуркат,1
весёлость,1
полкошелёк,1
намотка,1
полкопейка,1
невыразимый,1
мюмзик,1
мюмзика,1
бортник,1
намельчить,1
мясомолочный,1
вайнгунг,1
полиграфия,1
неаккуратный,1
фальцовка,1
поливальщик,1
бочаять,1
верстовой,1
мяться,1
подразделяться,1
вайнунг,1
вак,1
намелить,1
веселитести,1
наёмный,1
валентинка,1
бутафория,1
нащупывать,1
бочоночек,1
фанборд,1
фанбордер,1
полечь,1
полечить,1
фотостудия,1
погонщик,1
подсыпать,1
боткать,1
фалда,1
поглощаться,1
небезопасный,1
полицо,1
подстраховаться,1
мягк,1
фронтон,1
подстрелить,1
вlсм,1
подступать,1
неверность,1
подступить,1
политик,1
босоногий,1
бостон,1
подсушивать,1
подсушить,1
вазописец,1
верхоянский,1
усач,1
фрейлина,1
бухарец,1
вазопись,1
уравнивание,1
поглаживание,1
факультет,1
поглодать,1
мясницкий,1
верховье,1
условиться,1
фотобумага,1
флопик,1
флотоводец,1
позёмный,1
буксировка,1
надфиль,1
подгоняться,1
буковый,1
подгорать,1
познавательный,1
насыпной,1
накалывать,1
нажарить,1
устричный,1
наживать,1
флоп,1
вгрызаться,1
вброта,1
броня,1
накаливание,1
флокс,1
флисовымь,1
подложка,1
нажиматься,1
нажить,1
накал,1
флигель,1
насадка,1
флешь,1
нанду,1
бронник,1
поинт,1
подморозить,1
наружность,1
подвинуть,1
поедание,1
нагрянуть,1
вежда,1
булочник,1
надавать,1
веерный,1
бродяга,1
покатость,1
надбавка,1
надводный,1
надворный,1
фокса,1
наделять,1
буксовать,1
надлежать,1
подмигнуть,1
бронетанковый,1
пожаловаться,1
булава,1
вдовица,1
надобь,1
накат,1
устой,1
надоедать,1
нарукавник,1
надой,1
надрезание,1
поддавки,1
наступательный,1
наседка,1
брюла,1
пожилое,1
утеплитель,1
фитиль,1
подзаголовок,1
буйство,1
настигать,1
найдёныш,1
буй,1
утекать,1
позабавиться,1
наскочить,1
пожинать,1
будянска,1
наставать,1
настраивать,1
наср,1
утвердить,1
подкладываться,1
брёвнышко,1
будничный,1
финикийский,1
финикий,1
финикиец,1
подклеиваться,1
фингалка,1
пожть,1
подклет,1
финансировать,1
поджечь,1
утаиться,1
утеря,1
подешеветь,1
настоятель,1
брошюровочный,1
ваять,1
пожжёный,1
физкультурник,1
физкультурный,1
буквёнок,1
населённость,1
уступчатый,1
фламандский,1
васёнок,1
позволение,1
фиксироваться,1
устюжанин,1
филармония,1
насторожить,1
флажковый,1
усыновить,1
усыпальница,1
усыпительный,1
подкрепление,1
утеха,1
настойчивый,1
буквальный,1
позаимствовать,1
ваториальный,1
фичёска,1
нагружать,1
поклевать,1
полбак,1
брезжить,1
бурение,1
усилить,1
подборка,1
бурелом,1
нахал,1
ухватить,1
налечь,1
фастфуд,1
подопечный,1
бураттини,1
ухаб,1
подольск,1
ускорение,1
подборщик,1
веночек,1
подол,1
наведываться,1
подбочениться,1
венецианский,1
наладка,1
натянуться,1
форменный,1
будничность,1
утяжелить,1
покрывной,1
подбросить,1
венециан,1
бренник,1
формулироваться,1
налим,1
поклеесть,1
усидеть,1
уцелеть,1
погрузочный,1
подтянутость,1
фотоап,1
веранда,1
усвоение,1
наползти,1
полати,1
подписание,1
пода,1
фосфор,1
подтянутый,1
покша,1
валять,1
нахимовец,1
покушение,1
бурить,1
ухудшать,1
нахмурить,1
подпилить,1
нахлынуть,1
подаяние,1
подбегать,1
покусать,1
нахимовский,1
форсировать,1
ваниль,1
венство,1
варварство,1
наксос,1
накручиваться,1
подыматься,1
подобать,1
варьировать,1
подъяремный,1
нагибин,1
поднести,1
бульдозерист,1
успение,1
утоп,1
нарочитый,1
бульдог,1
подыгрывать,1
подмётный,1
великодушный,1
покойный,1
натяжение,1
бритьё,1
ферсман,1
утомить,1
бровастый,1
награждаться,1
подёнка,1
утолять,1
утолщение,1
ферсмана,1
ферязь,1
нательный,1
нагромоздиться,1
нарубить,1
фемид,1
фельдмаршал,1
нагибаться,1
натирать,1
формановский,1
напыщенный,1
вариантный,1
накручивать,1
федеративный,1
подвернуть,1
форель,1
подогнать,1
фонтанчик,1
нарастить,1
федоскино,1
наращивание,1
натыкаться,1
покровительство,1
варов,1
подвешивание,1
подшефный,1
подшивать,1
варочный,1
навь,1
навязать,1
фонограф,1
фелетон,1
усмешка,1
фонии,1
бриллиантовый,1
велтистовый,1
вбегать,1
перечисляться,1
боратный,1
штамповка,1
отчистить,1
околдовывать,1
отцовский,1
автозавод,1
отцов,1
окольцевать,1
шушун,1
оконечность,1
шуя,1
автогонщик,1
шёлкопрядение,1
шёфствовать,1
австриец,1
оттенять,1
оттащить,1
австралиец,1
отсыреть,1
окрестностный,1
авсок,1
щебёнка,1
окриветь,1
щегольский,1
округлять,1
авсва,1
округляться,1
щекотать,1
щекотаться,1
отчётный,1
отшивать,1
шуршание,1
океания,1
агротехник,1
охорашиваться,1
озябнуть,1
агро,1
агитация,1
агентство,1
агат,1
оказание,1
окаймить,1
окантовать,1
окантовка,1
автостанция,1
оклад,1
отшлифовать,1
окладистый,1
окладной,1
отяжелеть,1
авторалли,1
шубёнка,1
окликать,1
автопилот,1
отщипнуть,1
автопарк,1
шумливость,1
автомобйль,1
автоматизироваться,1
окский,1
отстранённость,1
авсd,1
отпихивать,1
описатель,1
оплатиться,1
эйдельберг,1
mоsсоwzоо,1
оплетение,1
оплеуха,1
musiс,1
multiрliсаtiоп,1
отполировать,1
отползать,1
оповестить,1
lеп,1
iпfый,1
sаsh,1
hкопа,1
оповещение,1
отпечатываться,1
опоздатель,1
экономичный,1
отпасть,1
grарhый,1
gismеtео,1
dism,1
bаскsраса,1
оправдаться,1
9записать,1
эвкалиптовый,1
отравляться,1
окунать,1
августейший,1
отстой,1
щении,1
авианосец,1
авиалайнер,1
авиакасса,1
отсохнуть,1
щественный,1
авиадиспетчер,1
отсортировать,1
отсоединять,1
щетинистый,1
отсоединить,1
оленкина,1
онтарио,1
олешек,1
абхазский,1
отрыть,1
олифа,1
отрывание,1
абвый,1
аdоb,1
wildlif,1
отрекламировать,1
wid,1
отрегулировать,1
ъезд,1
штандарт,1
штамповаться,1
парухновый,1
охотный,1
оглашаться,1
шестимесячный,1
шестиметровый,1
оглушаться,1
шестнадцатиэтажный,1
оглушить,1
шефство,1
паника,1
панафинёь,1
шиллинг,1
амперсанд,1
амкс,1
аметист,1
америк,1
аматераса,1
огнемёт,1
огниво,1
алёх,1
оголиться,1
аляска,1
огорчаться,1
альпинистский,1
паллант,1
альбирео,1
алтын,1
широкополый,1
алтарный,1
амфитеатр,1
анадырский,1
овчинный,1
паратый,1
обходчик,1
парочка,1
обхождение,1
обшлаг,1
антивирус,1
общеобразовательный,1
парма,1
общероссийский,1
аннотация,1
общительный,1
анимироваться,1
объять,1
парапет,1
овчинник,1
объёкт,1
обязаться,1
овгуркиз,1
овен,1
шерстинка,1
овин,1
овинник,1
овладение,1
ананасовый,1
овощерезка,1
папаха,1
шестидесятеричный,1
палисадник,1
аллегория,1
шифер,1
озвончаться,1
очищение,1
академик,1
шок,1
ожесточиться,1
азлга,1
очерк,1
оживиться,1
ажурность,1
аерна,1
очаровывать,1
оцифровать,1
оцепенеть,1
адресоваться,1
одухотворение,1
шпала,1
адресант,1
оздоровление,1
шпилька,1
шпитце,1
озелёж,1
охрипнуть,1
озираться,1
охранник,1
озкор,1
штабель,1
агрофирма,1
шнырить,1
очковый,1
ограничиваться,1
акцептировать,1
палеоцен,1
алинь,1
шишак,1
шишечка,1
шишига,1
алигьерь,1
шишкоеда,1
пайетка,1
паз,1
одаривать,1
одарённость,1
акын,1
пагода,1
одноухать,1
актуальный,1
павловск,1
одерживать,1
актуальность,1
шлейф,1
активировать,1
шлея,1
шлюз,1
одноглазый,1
шляться,1
однослойный,1
шлёпанец,1
9всех,1
эксплорер,1
975м,1
90км,1
26см,1
языкова,1
25см,1
25мма,1
256ха,1
отворот,1
250р,1
24кг,1
язь,1
240км,1
21100км,1
20мина,1
отводка,1
ослабеть,1
202м,1
якорный,1
200ха,1
200км,1
отвешивать,1
ослепнуть,1
яльмар,1
192м,1
ямал,1
18м70см,1
18кг,1
отвесть,1
17см,1
отвратительный,1
отвязать,1
272км,1
осетровый,1
отдышаться,1
346ха,1
ябеда,1
оседание,1
32км,1
320р,1
31п1агс1з,1
отделочник,1
30дм,1
300см,1
осеевой,1
яблочок,1
осиротелый,1
27см,1
2этаж,1
отгородить,1
отгораживать,1
отговорка,1
2начертить,1
2мкм,1
2мина,1
отвёртываться,1
2высота,1
29кг,1
28∙с,1
288ха,1
170•ха,1
16кг,1
169∙ха,1
ёжка,1
120р,1
ячневый,1
11см,1
11выписать,1
10оо,1
отбеливатель,1
10мма,1
10мина,1
остекление,1
10км,1
100р,1
остеклить,1
100кг,1
особь,1
1000м,1
1000г,1
100000г,1
островной,1
остудить,1
000рубль,1
–вечнозелёный,1
–дорожка,1
–ледник,1
осудить,1
000р,1
–ученик,1
120ть,1
130г,1
ослять,1
14км,1
отвесить,1
165км,1
160•,1
1600км,1
отвернуть,1
осмысление,1
яранга,1
ярд,1
15мма,1
отведаться,1
15кг,1
158м,1
яровой,1
138км,1
ярок,1
ярославец,1
14кг,1
146,1
14400с,1
14300км,1
141ца,1
ярусный,1
ярый,1
140м,1
13тч,1
яснеть,1
350кг,1
35см,1
360м,1
орбитальный,1
75см,1
элементарный,1
75км,1
элиста,1
750г,1
74см,1
отлучаться,1
74км,1
72см,1
отломить,1
720ха,1
отложной,1
эмалевый,1
78кг,1
70кг,1
70дм,1
700м,1
органайзер,1
отличиться,1
6оод1,1
6б6м,1
органичность,1
эниак,1
органный,1
ордынка,1
энциклопедический,1
75•ха,1
78км,1
отлететь,1
83см,1
отобразить,1
опрокидывать,1
900с,1
экстремальный,1
опрыскивать,1
8мина,1
890г,1
87кг,1
опрятность,1
элек,1
840м,1
электрика,1
оптимизировать,1
электросварка,1
800ть,1
электроаппаратура,1
оптимизм,1
опускание,1
опустошать,1
опустошение,1
электромонтёр,1
опустошиться,1
800м,1
электронщик,1
опушечка,1
7день,1
67км,1
отлетать,1
осваиваться,1
43мма,1
эфир,1
эфирный,1
47мина,1
эффективность,1
эффектный,1
458р,1
450ть,1
откидывать,1
450р,1
4500кг,1
откачать,1
444км,1
южноамериканский,1
4мина,1
орск,1
40мма,1
40мина,1
40км,1
400м,1
400кг,1
отжиматься,1
400г,1
отжим,1
осаждать,1
юон,1
3агудеть,1
496,1
этна,1
отлагаться,1
отключение,1
650м,1
отлавливать,1
откушать,1
эрдель,1
эрехтейон,1
эрехтёйон,1
ориентировка,1
600г,1
откос,1
5часы,1
5угол,1
отколоть,1
эсминец,1
500,1
56•ха,1
эстетичный,1
560г,1
553м,1
эсхилый,1
542р,1
этажерка,1
отклонять,1
50мха,1
50км,1
500мма,1
500кг,1
антоновка,1
шашечница,1
бомбёжка,1
непостижимый,1
берендеево,1
березовка,1
цаган,1
березничка,1
неряха,1
неряшливый,1
несамопересекающийся,1
пистолет,1
несильный,1
несломленный,1
писарь,1
бельэтаж,1
белуга,1
пирожник,1
цвель,1
пиров,1
беломорье,1
несовпадение,1
несогласие,1
несокрушимый,1
пирамидальный,1
белокрылый,1
несоразмерный,1
белоголовый,1
белово,1
белесоватый,1
цедильный,1
неродной,1
хутор,1
бересклет,1
бесплотный,1
планшетный,1
бессильный,1
бессилие,1
непривычка,1
беспризорник,1
беспрестанный,1
беспрерывный,1
хрестоматия,1
беспосадочный,1
пламенеть,1
плаксун,1
непроверяй,1
непроглядный,1
худощавый,1
бесплодный,1
плакатный,1
непролазный,1
непрочитанный,1
непутный,1
нера,1
бескорыстный,1
берковец,1
берингов,1
нераспростр,1
нерациональный,1
нереститься,1
целенаправленный,1
целесообразность,1
пинать,1
нижнетагильский,1
бездорожье,1
неясыть,1
цифирный,1
бездна,1
ниагар,1
цоколь,1
цуг,1
безграмотный,1
пест,1
безгласный,1
нижегородец,1
безвыходный,1
низание,1
циркон,1
низовье,1
перёд,1
перьевой,1
чавкать,1
перст,1
бедокурить,1
персонал,1
бедовый,1
чайница,1
нинград,1
персиковый,1
ниспадать,1
нечёткий,1
петродворец,1
нестроение,1
пешковский,1
несхожесть,1
нетактичный,1
бейдёр,1
целостность,1
целость,1
пиксель,1
пиковый,1
безукоризненный,1
пикап,1
безрогий,1
безрассудство,1
пещерный,1
неузнаваемый,1
нефтепереработка,1
неукротимый,1
неумелый,1
цеппелин,1
неуправляемость,1
церковка,1
печенежский,1
печенег,1
печатник,1
безмолвный,1
пехотный,1
безлунный,1
нефтеперерабатывающий,1
храбриться,1
непослушание,1
анфилада,1
бессмысленный,1
незначительный,1
бодриться,1
боднуть,1
богослужебный,1
хебпёс,1
незрелый,1
богомолье,1
боголюбский,1
богатсвый,1
хирургия,1
хитрец,1
хитрить,1
богаевский,1
боброк,1
бобок,1
хищница,1
бляшка,1
победь,1
победоносный,1
нейметь,1
хлебистый,1
нейтральный,1
блудный,1
хлебопекарня,1
пни,1
плётка,1
неконкретный,1
побурелый,1
нездоровый,1
бокастый,1
недоедать,1
фёнек,1
повреждать,1
негодовать,1
хакас,1
бомбардировщик,1
бомбардировка,1
поводырь,1
ханский,1
неделикатный,1
хаотичность,1
недобросовестный,1
повестка,1
харчевня,1
незамысловатость,1
недоразвитый,1
харя,1
бологое,1
хвала,1
недоумевать,1
недрагоценный,1
болевой,1
неженатый,1
нежесть,1
болгарин,1
нежирный,1
нежить,1
хлебушко,1
плёвый,1
блог,1
плевать,1
необычайность,1
неоднородный,1
бизоний,1
бизнесмен,1
неодобрение,1
плесневеть,1
неосыпающийся,1
пленительный,1
библиофил,1
хонсю,1
неотъёмлемый,1
библиограф,1
плева,1
необратимый,1
биатлон,1
хорониться,1
непечатный,1
плацентарный,1
плацента,1
хост,1
непобедимость,1
бесёнок,1
хотишь,1
бесцельный,1
неповторимость,1
пластово,1
холл,1
плиточник,1
хлопик,1
неменский,1
плюхнуться,1
нелетающий,1
хлопотный,1
блеяние,1
блефускуанский,1
благочестивейший,1
благоухание,1
хлёсткий,1
хмурить,1
немелодичный,1
благословлять,1
плоттер,1
благодать,1
билёт,1
немеркнущий,1
немолодой,1
ходик,1
немощь,1
бклеть,1
плоскодонный,1
ходок,1
нения,1
плодоовощной,1
хозяюшка,1
хоккайдо,1
пловчиха,1
персеять,1
персея,1
нитевидный,1
ниточный,1
аудиоролик,1
аудиомагнитофон,1
перегон,1
чох,1
переговорный,1
облучать,1
обмазка,1
перегибать,1
обмакивать,1
атьный,1
чувашия,1
перевышахматить,1
атлетика,1
атлет,1
атланта,1
обмелеть,1
атлант,1
перевоз,1
обмереть,1
обмолачивать,1
обмолот,1
перевестись,1
асфальтировать,1
обмундирование,1
обмётывание,1
ассоциироваться,1
перебродить,1
обломить,1
обличитель,1
облицовывать,1
перезвонить,1
перекладинк,1
чипсы,1
перекачка,1
аэронавигационный,1
облаять,1
переиздание,1
аэровокзал,1
ашуг,1
ацтекский,1
облегчаться,1
числить,1
ахмес,1
ахиллесов,1
передвижной,1
чистик,1
перезаписывать,1
пережитое,1
пережевать,1
чистяк,1
обливание,1
читальня,1
облизываться,1
переедать,1
передышка,1
чить,1
облиться,1
перебор,1
перебить,1
перебираться,1
обставляться,1
обрастать,1
пачкать,1
армейский,1
аркан,1
шальной,1
пауник,1
аргумент,1
обрушить,1
патрульный,1
арап,1
шапп,1
обслуживаться,1
обстрелять,1
певческий,1
обсушиться,1
пастораль,1
обсыпаться,1
обсыхать,1
аплодисменты,1
обувать,1
шататься,1
обувщик,1
пассаж,1
аокс,1
обусловить,1
пасhаlка,1
образить,1
арочки,1
асадов,1
обознать,1
арциховский,1
обнаруживаться,1
обновиться,1
архипелаг,1
обнюхать,1
обобщённость,1
обогащаться,1
первенство,1
перам,1
пепельница,1
обожать,1
арх,1
обозреватель,1
обострять,1
чёрносиний,1
артистизм,1
оборка,1
оборонный,1
пекать,1
пейнт,1
артериальный,1
обосноваться,1
обосновывать,1
шаандакр,1
обособленный,1
шаболовка,1
переклик,1
обладательница,1
аэростат,1
чепуха,1
носливость,1
пересохнуть,1
барсучонок,1
челубей,1
барсучий,1
пересолить,1
переснять,1
барометр,1
пересмешник,1
нофегод,1
ночёвка,1
ношение,1
ноэль,1
баскак,1
барк,1
нудный,1
чердачный,1
нумероваться,1
бар,1
череп,1
ньепс,1
нюансон,1
банник,1
нюх,1
черкасский,1
бандурист,1
баск,1
перестраиваться,1
бандит,1
башкирия,1
перпендикуляр,1
ничтожный,1
ничья,1
часик,1
новизна,1
часок,1
бегемотик,1
ббкр,1
новокузнецк,1
баять,1
переяславский,1
ногаец,1
ногать,1
баталист,1
ногиец,1
баттерфилд,1
чаяние,1
перетягивать,1
батистовый,1
перетапливать,1
чекан,1
пересылка,1
чеканиться,1
пересчёт,1
перестрелка,1
челны,1
чернение,1
чернигов,1
переколоть,1
обидный,1
обеззараживать,1
бакша,1
обережный,1
обессудить,1
обещаться,1
перемениться,1
четвёртный,1
обживать,1
переложение,1
обжитой,1
баж,1
обзор,1
четь,1
обеззараживание,1
чех,1
обидчивый,1
чеховский,1
обиженный,1
чешка,1
баграть,1
перекусить,1
перекрёстный,1
перекричать,1
перекос,1
баббый,1
обкрутить,1
балаганчик,1
балагур,1
черниговский,1
обговорить,1
нятие,1
бандерлог,1
переполненный,1
банановый,1
черноглазый,1
нёпер,1
обводнять,1
обворожительный,1
обвязываться,1
перепечатывать,1
перепечатать,1
перепелёнок,1
баловать,1
обезболивание,1
переоценить,1
перенять,1
переночевать,1
балласт,1
балкончик,1
балконный,1
обдавать,1
обдирать,1
перемыть,1
чесать,1
обедняться,1
балдахин,1
полнёхонький,1
залесье,1
мыш,1
депеша,1
каолин,1
капельный,1
раннекайнозойский,1
капитулировать,1
капитуляция,1
детсад,1
капитёль,1
детальный,1
рамблер,1
каповый,1
детализация,1
ракурс,1
десятилитровый,1
десантник,1
десант,1
спаться,1
спейс,1
карабин,1
каракуль,1
специализированный,1
каракумы,1
специя,1
спецовка,1
карандашик,1
карандашница,1
разъезжаться,1
дербник,1
дербентский,1
деральный,1
раскадровка,1
раскалить,1
канючить,1
дивногорск,1
калмыцкий,1
дипломатический,1
дипломат,1
раскудахтаться,1
сотенная,1
калёние,1
камбала,1
раскройщик,1
раскройный,1
каменоломный,1
дикарка,1
камышинка,1
раскоп,1
дивидти,1
сочность,1
диафильм,1
расклёвывать,1
социолог,1
диагноз,1
джоэль,1
джосера,1
раскладываться,1
канберра,1
раскладной,1
канделябр,1
джигит,1
раскидать,1
кантик,1
карантин,1
карапитянин,1
распечатывать,1
разучиться,1
разномасштабность,1
способленность,1
девятиметровый,1
разнолистный,1
разновысотный,1
кашица,1
размягчаться,1
девственный,1
размыкать,1
размыкание,1
дгенёбо,1
размол,1
размокать,1
квартйра,1
квасцы,1
двухрублёвый,1
двухнедельный,1
кед,1
келейка,1
двухколонный,1
двухвёсельный,1
кемеровский,1
спусковой,1
размеренность,1
кенгурёнок,1
двуногий,1
размельчать,1
размазать,1
двулетник,1
дегтярня,1
кафель,1
каучук,1
сплюснуть,1
дениска,1
разрядить,1
разрыть,1
каретка,1
кариатида,1
карка,1
карлик,1
карлсаунтить,1
картография,1
разредить,1
дельта,1
кассиль,1
разочарование,1
разорёный,1
разнохарактерный,1
разоружение,1
спой,1
делец,1
сползти,1
католицизм,1
декламация,1
разовый,1
католичество,1
катушечный,1
действить,1
катюшка,1
спортклуб,1
спорткомплекс,1
калликрат,1
сострадательный,1
дворянство,1
соперничество,1
документация,1
иссушать,1
солянка,1
солярный,1
истопка,1
докер,1
истощённый,1
истьба,1
исцелять,1
расстроить,1
сонм,1
расстегай,1
исчисляться,1
дозировка,1
доза,1
ительмен,1
иудей,1
иудейский,1
доживать,1
дождить,1
рассовать,1
доедать,1
рассмотрение,1
додекаэдр,1
рассматриваться,1
сопереживание,1
ищейка,1
июньский,1
йизык,1
докупить,1
иссечь,1
растеряха,1
искровой,1
доплата,1
доносить,1
донашивать,1
домыслить,1
домчаться,1
исключительный,1
расцвечивать,1
соколовка,1
соколовский,1
домотканый,1
домоводство,1
искоростень,1
искристый,1
расхлёбывать,1
долговременный,1
солдатушка,1
расхваливать,1
солидность,1
солидный,1
растянуться,1
растянутый,1
доливать,1
должила,1
растрескиваться,1
долготерпеливый,1
растопырить,1
исправность,1
долгосрочный,1
йо,1
доглядывать,1
распил,1
йоулупукк,1
распредел,1
днестр,1
какожа,1
дневать,1
распр,1
калачик,1
распорядиться,1
калиакрия,1
распозный,1
соскакивать,1
соскальзывать,1
соскоблить,1
калибровать,1
длиннополый,1
расплющить,1
расплывчатый,1
расплести,1
расплеснуться,1
расплата,1
распланировать,1
расписывание,1
калимантан,1
дистиль,1
дисплей,1
составь2уравнение,1
распиловка,1
калить,1
распиливаться,1
распиливать,1
сортировщик,1
како,1
днище,1
соратник,1
рассеять,1
догадливость,1
кlmп,1
довольство,1
рассекать,1
кавалерист,1
сопричастность,1
рассаживать,1
кагуаны,1
доверительный,1
довезти,1
кадамба,1
распушаться,1
кадиться,1
казённый,1
кадровый,1
добротный,1
добросовестность,1
соритель,1
распускание,1
добросить,1
добропорядочность,1
распространённость,1
казбек,1
сорокамиллионный,1
сороть,1
распростр,1
распределённый,1
разлучить,1
кета,1
доплачивать,1
грало,1
пучина,1
грести,1
пухляк,1
гренадёр,1
столярничать,1
гренадин,1
пухлик,1
стометровка,1
гремячий,1
гремучий,1
пухленький,1
колхозный,1
грей,1
грезить,1
колчан,1
гребля,1
колыма,1
графский,1
графопостроитель,1
колышек,1
путевой,1
графить,1
графитный,1
граудин,1
гранёный,1
грант,1
колядовать,1
пустословие,1
грамото,1
столище,1
колун,1
грибцовый,1
коллега,1
стилистика,1
кокетка,1
пятиразовый,1
колдовство,1
пядь,1
колебать,1
гросглокнер,1
коленце,1
громоотвод,1
стишок,1
пышность,1
гробех,1
стовый,1
стожкова,1
колонковый,1
стожок,1
коллек,1
гришенек,1
пылкость,1
пылкий,1
колобь,1
пылеуловитель,1
коловрат,1
колодезь,1
гридница,1
колоколец,1
пшенец,1
гривка,1
командирский,1
градский,1
стикс,1
страничный,1
конгресс,1
конденсаторный,1
стричься,1
прямёхонький,1
кондопога,1
кондор,1
коневский,1
конический,1
пряденый,1
прядение,1
горск,1
гороховый,1
конкуренция,1
прыткий,1
конкурировать,1
конопляный,1
городить,1
консервирование,1
консервировать,1
горнчар,1
горностайский,1
горностаевый,1
струг,1
прутковый,1
стружечный,1
констатировать,1
горничная,1
континентальный,1
струмент,1
псалтирь,1
псевдоним,1
стрибог,1
пугач,1
пускаться,1
странница,1
пупырышек,1
комбинирование,1
страстный,1
комбинированный,1
стратиевский,1
комбинировать,1
страховой,1
пудра,1
коммуна,1
комнатушка,1
стрекач,1
компактность,1
стремянка,1
гостоящий,1
пуганый,1
гостиный,1
компактный,1
господствующий,1
комплек,1
комплимент,1
стрельна,1
птицелов,1
госклонение,1
компоновать,1
горьковский,1
психологический,1
стилизация,1
пятнадцатилетний,1
различительный,1
клиника,1
разгоняючить,1
разговориться,1
разглядывание,1
разглашение,1
разглаживать,1
ставлять,1
ставровский,1
ставрополье,1
кладенец,1
дарвинский,1
разгибаться,1
даниёль,1
разгадываться,1
далёк,1
развёртывать,1
классичёс,1
дальнереченск,1
сталкивать,1
развязка,1
клеймение,1
клеймо,1
разворачивать,1
кленок,1
разводиться,1
даждьбог,1
дажажех,1
дагеротипный,1
станочный,1
клетьмить,1
датчанин,1
китобойный,1
разгородить,1
двадцатиминутный,1
кибо,1
киенг,1
килограммовый,1
разлад,1
сращивать,1
разинуть,1
двиг,1
двенадцатиугольник,1
кинескоп,1
киноаппарат,1
кинозал,1
кинолента,1
срезание,1
разделка,1
сссlхiха,1
сриддхара,1
киносъёмка,1
сродниться,1
кипа,1
двадцатидвухглавый,1
кипренский,1
кипу,1
срыв,1
дачник,1
кирасир,1
кирза,1
разгрузочный,1
разграбление,1
клиент,1
клинок,1
грузоподъёмный,1
клинообразный,1
радиотелеграфный,1
стеблевой,1
стевино,1
губернатор,1
губастый,1
гуам,1
радиолокатор,1
стекловидный,1
радиола,1
радиокомитет,1
радиозонд,1
стеклярус,1
радиограмма,1
радиовещание,1
княжий,1
рагу,1
кобзарь,1
стенобитный,1
рабыня,1
степенной,1
рабфак,1
грушовка,1
кожевенный,1
рабатка,1
рhоtоshор,1
стерня,1
кожный,1
кожурка,1
козырёк,1
губкин,1
кноп,1
книголюб,1
разболеться,1
клич,1
разветвляться,1
клише,1
клокова,1
развес,1
староиндийский,1
развезти,1
разведчик,1
гурон,1
клюковка,1
разбранить,1
разборчивый,1
разболтаться,1
гумно,1
книгоиздательский,1
статика,1
разбой,1
гуманность,1
клятва,1
гульельмо,1
клячко,1
стаффорд,1
клёпеть,1
кмор,1
кмый,1
ражение,1
гудить,1
книгоиздатель,1
доплатить,1
ипподром,1
мычание,1
затачивать,1
завист,1
сверлить,1
засмеялисить,1
свезти,1
засол,1
завинтить,1
засорение,1
завивать,1
сват,1
свастить,1
застегнуть,1
сколький,1
сбрить,1
скончаться,1
сбрасываться,1
сборный,1
заступиться,1
заступник,1
заступничество,1
заварить,1
сбитость,1
скоропись,1
скороспелый,1
сбитень,1
сберегательный,1
заваливаться,1
заваливать,1
скотный,1
забытьё,1
скликать,1
завить,1
завлекать,1
завхоз,1
зарубина,1
зарывать,1
зарядить,1
светочувствительный,1
заряжаться,1
загадочность,1
светопрозрачный,1
светозапись,1
засадный,1
светлокожий,1
завязаться,1
сквозить,1
засвиристеть,1
светленький,1
завлечь,1
засеивать,1
скворечный,1
скворечня,1
заворожить,1
засеребриться,1
скидка,1
свесить,1
засесть,1
заскользить,1
складирование,1
складчатый,1
сверхбогатый,1
заскулить,1
скрашивать,1
забушевать,1
заглушать,1
скреп,1
жёлтий,1
затрачиваться,1
самородок,1
затронуть,1
слабость,1
самопожертвование,1
жёваный,1
самопересекающийся,1
славушко,1
самообразование,1
затрубить,1
самонадеянный,1
затрудниться,1
затрясти,1
самодеятельность,1
журавлёнок,1
сладостный,1
жульничать,1
самоделкина,1
самовёс,1
затяжка,1
следователь,1
жовник,1
заучивать,1
сальто,1
захламляться,1
житьё,1
салатник,1
слепнуть,1
скутер,1
скуперфильдовский,1
заточка,1
забивание,1
сафьян,1
сатира,1
скрепляться,1
скрести,1
затворить,1
затейливость,1
саранск,1
затемняться,1
заблуждение,1
заблокировать,1
сапфировый,1
скрипнуть,1
забил,1
затенькать,1
заточение,1
скругление,1
скрутиться,1
затерянный,1
забастовка,1
заткнуть,1
затмевать,1
санскритский,1
з0см,1
з0км,1
скрючить,1
затосковать,1
самшитовый,1
самочек,1
свиваться,1
скань,1
слепок,1
зайтись,1
заклинатель,1
сжимание,1
заклеиваться,1
сзывать,1
сельдяной,1
закидывать,1
заквохтать,1
сива,1
замухрышка,1
сиг,1
селекционер,1
селезень,1
замышлять,1
секретарь,1
секира,1
занос,1
закаляк,1
сидеться,1
седёлышко,1
сиена,1
сизов,1
сизокрылый,1
занумеровать,1
заныть,1
сикстинский,1
седлать,1
силиконовый,1
заоблачный,1
силовой,1
семафор,1
заколоситься,1
закомара,1
серьёзность,1
серебряник,1
заленеть,1
серебрянск,1
залакать,1
закутываться,1
закутаться,1
закутать,1
сермяжный,1
сервисный,1
замазывать,1
серпухов,1
сервировать,1
замай,1
сепtый,1
сжатость,1
замаскированный,1
замаскировать,1
сестринский,1
сеновал,1
закрой,1
замачивать,1
замбиня,1
сетон,1
семянка,1
законченность,1
семичасовой,1
семицветный,1
семимильный,1
заозерье,1
заострение,1
заглушить,1
северодвинск,1
запоздалый,1
заползти,1
заполонить,1
связность,1
систематизация,1
систематизирование,1
запорошить,1
задворки,1
заправляться,1
сводный,1
сводка,1
сводиться,1
запрягаться,1
запустение,1
загрохотать,1
запутывать,1
запутываться,1
запылать,1
свирлепый,1
заготовление,1
скак,1
загородить,1
свиной,1
заголубеть,1
заговор,1
свинина,1
свидетельствующий,1
загнивать,1
заглядываться,1
святогорск,1
заплыть,1
святый,1
зажурчать,1
симбел,1
симбёл,1
заинька,1
североамериканский,1
себек,1
сдружить,1
сдоба,1
зазнайство,1
запалить,1
запарить,1
сдержанный,1
зазеркалье,1
запатентовать,1
сгружать,1
свёрточек,1
запечатлевать,1
сговориться,1
сглаживание,1
заезжать,1
синонимический,1
синонимичный,1
сглаженность,1
задушить,1
запираться,1
задумчивость,1
задуманный,1
запихивать,1
задрёмывать,1
захлопывание,1
захоронение,1
созидательный,1
изумлять,1
решка,1
дубинка,1
изго,1
излечить,1
изловчиться,1
снос,1
измайловский,1
рецептура,1
дружище,1
ретуширование,1
дружественный,1
ретный,1
дрофёнок,1
дрок,1
собеседница,1
измеримый,1
измеритель,1
республиканский,1
изобразиться,1
дровишки,1
дробить,1
ремонтник,1
дрзазвенеть,1
изонитъ,1
израсходование,1
дресс,1
дренаж,1
изрезать,1
рекрут,1
изгнание,1
извольный,1
извозный,1
снасть,1
дыбиться,1
иглица,1
родонит,1
игрек,1
смёточный,1
игрунка,1
снабжаться,1
снабжение,1
игрунковый,1
родильный,1
снарядиться,1
игумен,1
роговой,1
снегиреветь,1
извозиться,1
ровесница,1
ижбра,1
избавитель,1
дурачиться,1
снегопах,1
избранник,1
риторика,1
ритмичность,1
думаться,1
риска,1
ризеншнауцер,1
рижский,1
дугъ,1
дрезденский,1
дрезден,1
зыбь,1
рекламировать,1
инициатива,1
ребятушки,1
иноплеменный,1
иносказание,1
инспектировать,1
инструменталист,1
достаточность,1
содействие,1
реалистичный,1
досмотреть,1
реактор,1
дословный,1
доскостир,1
интерак,1
интерпретировать,1
рдеться,1
интонирование,1
инфознайка,1
дорийский,1
рачонок,1
сожжение,1
рачительный,1
рач,1
ион,1
дорабатывать,1
ратыег,1
ип,1
расщеплять,1
созерцание,1
региональный,1
инжирный,1
регистрировать,1
иллюстрационный,1
совершенствование,1
изъездить,1
изъявить,1
изысканность,1
резонатор,1
икосаэдр,1
иктина,1
древесноволокнистый,1
резерв,1
совиный,1
резеда,1
совладать,1
совместимый,1
ильменит,1
регистрироваться,1
именной,1
совмещение,1
имитировать,1
императирица,1
редут,1
редкостный,1
редколапый,1
ределить,1
индивидуальность,1
согеюрдм,1
индокитай,1
индонезия,1
доходный,1
зыковый,1
смыкать,1
сайра,1
румяниться,1
жгуть,1
жгель,1
звенигород,1
звениться,1
слономуха,1
зверёнок,1
слопать,1
рыночный,1
жанровый,1
жалюзи,1
жалостливый,1
рыльский,1
звонкоголосый,1
рыжей,1
зворыкина,1
жалейка,1
жакет,1
рыболовецкий,1
звукоподражание,1
жавороночка,1
слыхать,1
здешний,1
рушка,1
зеленеться,1
русскоязычный,1
русс,1
землемерный,1
руно,1
землянйка,1
звездчатка,1
рыхлость,1
заядлый,1
саджа,1
жилковатый,1
жилищный,1
жизнестойкость,1
зацепляться,1
сливание,1
жидкокристаллический,1
зачалить,1
животноводческий,1
зачин,1
живость,1
слизнуть,1
слизывать,1
зачищать,1
зашагать,1
рычание,1
зашвырнуть,1
саmеr,1
словацкий,1
женственность,1
рёбрышко,1
женевский,1
остужать,1
желтушка,1
рябушко,1
защищённость,1
рябенький,1
железобетон,1
заявка,1
слёт,1
смазаться,1
зыбиться,1
смазка,1
еlесtrопiс,1
еfтк,1
ротный,1
змеиный,1
сминаться,1
зморье,1
знайкина,1
знакомец,1
ростовый,1
значимостьглагол,1
зовавшийся,1
ропот,1
зовутка,1
ромбический,1
смонтировать,1
сморкать,1
ромашкино,1
романка,1
дюжий,1
дыть,1
рокфор,1
рокотать,1
рокк,1
зубровый,1
зубушко,1
розоватый,1
зуёк,1
дымный,1
розенталь,1
смешливый,1
еrrаr,1
злотый,1
ежинать,1
румяненький,1
ерш,1
смартфон,1
рулевой,1
зигокактус,1
смачиваться,1
зимник,1
ермолка,1
смелок,1
екатеринбургский,1
златоуст,1
ездок,1
ездовой,1
злоба,1
злостный,1
смертие,1
единообразие,1
зловещий,1
ругаться,1
егошиха,1
смета,1
егорка,1
зловредный,1
злопастный,1
егерь,1
сметаться,1
сметчик,1
рубиться,1
контора,1
контрабандист,1
контролироваться,1
мвсый,1
воронкообразный,1
пощипывать,1
ворог,1
туризм,1
туринский,1
пошевеливать,1
пошатываться,1
матрас,1
почёсывание,1
матрац,1
ворда,1
матусовский,1
вопрошать,1
матёрый,1
маусить,1
мах,1
воплотиться,1
почин,1
почесаться,1
вооружить,1
мационный,1
машук,1
поцелуй,1
похорошеть,1
тщательный,1
тщетный,1
тыкать,1
маяться,1
маёвка,1
материть,1
мастерище,1
мастак,1
трёхмерный,1
маньчжур,1
превозносить,1
трюфель,1
пребывать,1
тряпьё,1
пращ,1
воспитанница,1
прах,1
праматерь,1
марал,1
практикум,1
практиковаться,1
восклицание,1
мариинский,1
тумбес,1
празднество,1
мариновать,1
маркетинг,1
православие,1
мартиничка,1
марь,1
туктук,1
ворочаться,1
ворот,1
масленый,1
вороньё,1
туманить,1
поясность,1
тыльный,1
похлопывать,1
восстать,1
тысячелетний,1
потеснить,1
мелодика,1
менить,1
потение,1
воительница,1
потемнелый,1
мережкова,1
возрадоваться,1
посё,1
мерещиться,1
возобновлять,1
мерзкий,1
уайлёд,1
посчитаться,1
посчастливиться,1
посудомоечный,1
возница,1
посудить,1
пость,1
возненавидеть,1
постучаться,1
мест,1
поступиться,1
местообитание,1
месторасположение,1
убивах,1
возка,1
металлообработка,1
возик,1
тёмненький,1
тёмкина,1
тёмина,1
тягаться,1
вольёр,1
пофан,1
вольнолюбивый,1
медеплавильный,1
волынка,1
потёртость,1
потёмки,1
волхв,1
потчевать,1
медосбор,1
потусторонний,1
медпомощь,1
волоколамск,1
междуречье,1
тёлка,1
межуточный,1
поторапливать,1
тяжба,1
мезозойский,1
потомственный,1
тяжеловоз,1
меконг,1
потирать,1
волейболист,1
тянучка,1
потеть,1
тяпать,1
тяпнуть,1
маныч,1
манила,1
построгать,1
всегдашний,1
люмьер,1
прехороший,1
вспениться,1
транспортирование,1
преступный,1
вскрыться,1
вскрыть,1
престижный,1
вскричать,1
лявля,1
преследоваться,1
преследование,1
всколыхнуться,1
прерывать,1
вскладчина,1
прерваться,1
преподавание,1
лёвушка,1
всесоюзный,1
трезвон,1
трезорк,1
трезоркий,1
всепрощение,1
всеобъемлющий,1
тренировать,1
вселять,1
м1як,1
мdссlххiха,1
преобладание,1
прибайкалье,1
людье,1
любознательность,1
приволжский,1
въюжный,1
торопливость,1
приготавливать,1
лохмотья,1
втяжной,1
лубочник,1
лубянский,1
привязь,1
привязывание,1
привязка,1
луговина,1
луговской,1
приволочь,1
лутка,1
трактат,1
привод,1
тощий,1
привнести,1
втачка,1
привлечение,1
травискать,1
травить,1
лучевой,1
всхлипнуть,1
приветливость,1
встряхивать,1
лыжница,1
трагизм,1
всеединство,1
пренебрегать,1
труппа,1
магараждать,1
малайский,1
представать,1
малевать,1
впечатляющий,1
председательский,1
предречный,1
малка,1
предприниматься,1
предпочтение,1
трофей,1
трофейный,1
предохранить,1
вотчина,1
предотвращать,1
предоднородный,1
предновогодний,1
предназначение,1
мальчишеский,1
мальчуган,1
восьмилетний,1
труднодоступный,1
мангуст,1
предельный,1
манджур,1
предводительствовать,1
предвидеться,1
маневрировать,1
востоковед,1
предвесенний,1
впихивать,1
тронутый,1
тронный,1
мазкий,1
трескунчик,1
магелланов,1
магия,1
времяпровождение,1
прекословить,1
треуголь,1
магнитофонный,1
преимущественный,1
треххвостый,1
трехъярусный,1
врачевать,1
мажорность,1
мазелин,1
предчувствовать,1
вплетать,1
предутренний,1
предусмотрительность,1
предусмотренный,1
майдан,1
майдановский,1
майкоп,1
предугадать,1
майкрософт,1
впрягаться,1
впрыскиваться,1
майяский,1
вползать,1
вплетаться,1
воззвание,1
метаморфоза,1
контррельефный,1
вздыматься,1
видеоплёнка,1
видеоматериал,1
мороженщик,1
мороженый,1
помлчат,1
морозостойкий,1
морфемный,1
улавливание,1
помечаться,1
помеха,1
взыскивать,1
помериться,1
померить,1
взрывоопасный,1
улиционёр,1
москов,1
московия,1
помахать,1
помазочко,1
помадный,1
помадка,1
мостостроитель,1
взнос,1
моторола,1
полюдье,1
моучесть,1
мохноногий,1
моховин,1
вздёрнуть,1
мороженный,1
видеосъёмка,1
укрупнённый,1
монтаж,1
попискивать,1
попечение,1
молочник,1
молчун,1
мольба,1
виноградарство,1
виновный,1
поочерёдный,1
виниловый,1
монблан,1
понятность,1
поняо,1
понтия,1
уклон,1
укрупнить,1
монтировать,1
уколоть,1
укорачиваться,1
укореняться,1
моральный,1
понадеяться,1
помяться,1
помять,1
помысел,1
украшивать,1
виер,1
поморник,1
помор,1
вздёрнутый,1
полыновца,1
моложавый,1
вздуматься,1
полуметровый,1
полукружие,1
умёт,1
муравьед,1
взаимодополнять,1
унижать,1
полузакрытый,1
уникальность,1
веяться,1
мурманский,1
полудрагоценный,1
мурманчанин,1
вещий,1
вешенка,1
полувзрослый,1
полтысяча,1
полтина,1
полтавский,1
полполчеть,1
муслиновый,1
мусорский,1
мухобойка,1
мухослон,1
мучение,1
полон,1
мый,1
мыслиться,1
половить,1
уплотнить,1
полумиля,1
муравить,1
взбалмошность,1
мужичий,1
полыновка,1
полыновец,1
мститель,1
полчеть,1
умеренность,1
вздорить,1
умерить,1
полфигура,1
умерщвление,1
взгорок,1
взглядывать,1
полуярус,1
полуэтаж,1
музгарка,1
умывание,1
музицирование,1
взвизгивать,1
взвеяться,1
получасовой,1
полуфабрикат,1
полутьма,1
полусфера,1
мум,1
умолять,1
полусмерть,1
взбеситься,1
полупустынный,1
мурава,1
молоченый,1
висёлый,1
уборщица,1
внешкольный,1
водоприёмник,1
водоотталкивающий,1
водоотведение,1
увёртываться,1
мизерность,1
микитка,1
угарный,1
угасать,1
микросхема,1
послоняться,1
угловатый,1
водоизмещение,1
минералогический,1
углубиться,1
минералогия,1
водворить,1
посинеть,1
уговаривать,1
уговор,1
мирк,1
мироустройство,1
внятность,1
поселковый,1
митраша,1
митрополит,1
мичиган,1
внучатый,1
мкий,1
поса,1
уволочь,1
мигун,1
мещанин,1
возвестить,1
метеобюро,1
воздвигнувый,1
убывать,1
убыстрить,1
убыток,1
ува,1
метеослужба,1
метеоцентр,1
метик,1
метис,1
возвышать,1
возвыситься,1
возвращалисить,1
увенчен,1
воеточный,1
метрология,1
поставец,1
увериться,1
мечник,1
мечтание,1
увесистый,1
возбудить,1
увестись,1
увешивать,1
вожжть,1
увидаться,1
вожак,1
увлажняться,1
млеть,1
порыться,1
витебск,1
многоголосие,1
вколоть,1
мнрк,1
поразведать,1
моделироваться,1
модельный,1
порадоваться,1
вклеивать,1
удрать,1
можжевеловый,1
удумать,1
удэ,1
мозолистый,1
уездный,1
вкладка,1
вкатить,1
мокша,1
вихрастый,1
ужастик,1
молвь,1
попрыгушка,1
ужиться,1
попрыгунчик,1
попрошайничать,1
витёрка,1
попрать,1
узда,1
уздать,1
уздцы,1
витиеватый,1
множить,1
многофигурный,1
многоугольный,1
влепить,1
поручик,1
внедрение,1
вмятина,1
поручать,1
порука,1
порудоминский,1
многодельный,1
многократный,1
многолюдье,1
удваивать,1
портер,1
влетать,1
уделять,1
удержание,1
удмуртия,1
властность,1
многословие,1
многосложный,1
поролоновый,1
порок,1
удила,1
многотомный,1
удирать,1
порожный,1
удлинить,1
порожний,1
порожистый,1
удлиняться,1
торонто,1
торнадо,1
выбивать,1
крябоед,1
кром,1
пролезть,1
кронос,1
проламывать,1
сырный,1
сыроватый,1
гарнитур,1
сыромятник,1
прокрашивать,1
гармонировать,1
сыскать,1
гармоника,1
кротость,1
ганчевыя,1
кругляк,1
прокашляться,1
прокатать,1
галстучный,1
крупеничка,1
крутануть,1
сёмга,1
круторогий,1
галета,1
галера,1
крутость,1
произнестись,1
галантус,1
крымский,1
крючковатый,1
гашёный,1
крольчиха,1
пролистать,1
критерий,1
крепостить,1
крестинский,1
прообраз,1
крещенский,1
проницательность,1
геройство,1
геройский,1
героика,1
считываться,1
герефордский,1
кривина,1
пронзать,1
кривич,1
геологический,1
крокус,1
критика,1
промолвить,1
геоид,1
съезжать,1
кровелька,1
съехаться,1
кровельный,1
промедление,1
сыгранный,1
промазывание,1
промазать,1
гвоздодёр,1
пролётный,1
проигрываться,1
таврия,1
гидрометеоролог,1
ксероксный,1
кум,1
таможня,1
тамошний,1
тампон,1
тамтам,1
купавка,1
купать,1
куратный,1
продвинуть,1
танцор,1
курносый,1
танюшка,1
тапа,1
курсировать,1
куртина,1
вычурный,1
тар,1
вычленить,1
тарабарщина,1
вычитка,1
прогрессивный,1
кусачий,1
прогревать,1
тараховский,1
кустарный,1
таращить,1
програм,1
прогон,1
тарника,1
тама,1
кулёк,1
талончик,1
такнуть,1
тазировать,1
кубить,1
кубковый,1
таинство,1
таиск,1
кублицкий,1
прожечь,1
проецирование,1
проесть,1
гавкать,1
гавино,1
кузня,1
вёрткий,1
таковой,1
продублировать,1
кула,1
вёрный,1
таксист,1
таксомоторный,1
продёрнуть,1
тактика,1
тактичность,1
тактйчный,1
такыр,1
вяленый,1
продуманность,1
вязовый,1
кулиски,1
гигиеничность,1
крендель,1
придаваться,1
сумеречный,1
профессионал,1
проутюжить,1
корнерота,1
короба,1
протягиваться,1
суворовский,1
протокол,1
проткнуться,1
коротать,1
протирать,1
сударыня,1
противотанковый,1
голосить,1
голомянка,1
судоверфь,1
судовождение,1
противопоставляться,1
противопоставлять,1
головешка,1
противоградный,1
противный,1
сужать,1
сужаться,1
голенький,1
противительный,1
корчевать,1
суконный,1
корыстный,1
корюшка,1
кормило,1
коркина,1
корица,1
прочирикать,1
прощёный,1
стрястись,1
конченый,1
конширование,1
горечавка,1
горец,1
конькобежный,1
конёнкова,1
горемычный,1
горемыка,1
прошение,1
копчиковый,1
прочитаить,1
ступление,1
прохлаждаться,1
горбить,1
горбинка,1
корабел,1
корабельщик,1
кораблестроение,1
стыдливость,1
процарапываться,1
коренастый,1
стылый,1
прохоровка,1
проходная,1
корз,1
проходимый,1
косатка,1
гогланда,1
гидростанция,1
просчёт,1
проскальзывать,1
кошмар,1
просидеть,1
сушильный,1
проседать,1
глазурный,1
глазомер,1
существителный,1
краденое,1
просверлить,1
краник,1
прорыв,1
гладиться,1
гладилка,1
прорисовывать,1
прорезаться,1
главпост,1
краснолесье,1
пропылесосить,1
схватывание,1
пропорциональный,1
гипертекстовый,1
крашеный,1
гинет,1
пропитаться,1
сцапать,1
гильза,1
сценарист,1
гидротехнический,1
сухона,1
кочёвка,1
глокать,1
глухарёнок,1
говорок,1
коситься,1
гнездовый,1
косогор,1
простофиля,1
костистый,1
простонародный,1
суперобложка,1
проститься,1
супостат,1
супчик,1
котаусить,1
котомка,1
коттедж,1
кочерыга,1
глухарка,1
глухариный,1
сусличий,1
кофеварка,1
сутаж,1
сутствовать,1
просматриваться,1
прослышать,1
прослыть,1
прослушивание,1
глубинный,1
кочерга,1
прослеживаться,1
тарный,1
тартуфоть,1
вычерчивать,1
примкнуть,1
вымерзание,1
лесок,1
лесопильня,1
лесопромышленный,1
вылепливать,1
тис,1
тиски,1
вылезть,1
летоисчисление,1
припекать,1
летописный,1
титься,1
припаивать,1
тихвин,1
выкуп,1
приобщать,1
приобретение,1
выколачивать,1
лещина,1
выключаться,1
лживость,1
принуждать,1
приношение,1
выкипать,1
приникнуть,1
ливан,1
лидер,1
тобольский,1
примула,1
прирасти,1
вымерзать,1
лесозаготовительный,1
вынуждать,1
ледянка,1
пристроить,1
пристойный,1
лежаться,1
тетеревятник,1
лейба,1
лекальщица,1
приспособить,1
выпаривать,1
выпалить,1
тетрадочка,1
лении,1
присмотреть,1
техас,1
выметить,1
лентяйка,1
вынудить,1
выниматься,1
технуть,1
прислуживать,1
теша,1
тешить,1
лепетать,1
тивном,1
присаживаться,1
вымирание,1
тижёлый,1
прирождённый,1
выказывать,1
примечтаться,1
тасмания,1
товить,1
выгружать,1
выгореть,1
прикидочный,1
топ,1
топаз,1
ловкия,1
приказный,1
выгибать,1
вывязывание,1
топограф,1
признательный,1
лозина,1
топорик,1
топорище,1
топорный,1
топорщить,1
лондонский,1
вывешивание,1
топтать,1
лопасткать,1
лорнет,1
придержать,1
выверять,1
вываливаться,1
выбывать,1
придвинуть,1
лосниться,1
приданое,1
лососиный,1
выгрузка,1
лобный,1
лобастый,1
толокно,1
товление,1
ликвидировать,1
вызываться,1
линь,1
токовый,1
выжимать,1
лирика,1
выжечь,1
лирохвост,1
лисичкино,1
толковаться,1
прильнуть,1
толмачёвский,1
приличие,1
тонизировать,1
прилежащий,1
приласкаться,1
литейная,1
выдрёнок,1
лихо,1
прикрытие,1
лихость,1
лицейский,1
томатический,1
личностный,1
выдвинить,1
приколка,1
приключенческий,1
выпиливать,1
ледоруб,1
выписка,1
ледниковый,1
ладить,1
тезис,1
ладиться,1
текать,1
выставочный,1
выставляться,1
ладонщик,1
выспаться,1
ладыженский,1
тектур,1
проведать,1
проваривать,1
высокоурожайный,1
проваляться,1
высокопрочный,1
пробурить,1
высококультурный,1
высококачественный,1
пробудить,1
высмотреть,1
телеграфирование,1
выследить,1
лакировать,1
телеканал,1
выскребание,1
телепрограмма,1
лаконичность,1
лань,1
телефонист,1
ладан,1
провинциальный,1
лавровый,1
выучиться,1
кустистый,1
кустодий,1
проговаривание,1
прогнозирование,1
кусури,1
кут,1
выхолаживать,1
проглянуть,1
ташкентский,1
выхватывать,1
кутать,1
кучан,1
выхватить,1
проглаживание,1
творожник,1
кучум,1
провяливать,1
провязывать,1
провязывание,1
кщрня,1
проволочка,1
проволк,1
провозиться,1
провозглый,1
лаборант,1
лаванда,1
вытереться,1
вытаптываться,1
высказываться,1
телецентр,1
пробег,1
притронуться,1
выпуклость,1
прихожанин,1
приходящий,1
теребить,1
лебезить,1
прифронтовой,1
тереться,1
левретка,1
терминологический,1
легкодоступный,1
выполоскать,1
выполниться,1
притупляться,1
терновый,1
теплоизоляционный,1
выплёскивать,1
легкомысленный,1
выплывать,1
притирать,1
террарий,1
выплыв,1
выплетать,1
притеснять,1
притереть,1
террор,1
терьер,1
легум,1
присылаться,1
выпускница,1
теплозащита,1
высеять,1
тендра,1
приёмный,1
лапчатый,1
ласа,1
высев,1
прищипнуть,1
пришвартоваться,1
темноволосый,1
причёсываться,1
лауреат,1
причудливость,1
темпера,1
темперамент,1
причуда,1
вырезывание,1
прихожая,1
причитание,1
причислить,1
лацкан,1
лачужка,1
прицепиться,1
выразитель,1
теорема,1
прицепить,1
лгунишка,1
теплить,1
выпятить,1
прицел,1
выпучить,1
трёхместный,1